-- ============================================================
-- AUTH Flyway V1_1: Seed data for dev/test
-- ============================================================

-- 1. Test tenants (DEFAULT already in V0)
INSERT INTO tenant (tenant_id, tenant_code, tenant_name, deployment_mode)
VALUES ('TENANT_A', 'KHH_WATER', '高雄市水情', 'CLOUD');

INSERT INTO tenant (tenant_id, tenant_code, tenant_name, deployment_mode)
VALUES ('TENANT_B', 'NTPC_WATER', '新北市水情', 'CLOUD');

-- 2. Test departments (per tenant)
INSERT INTO depts (dept_id, tenant_id, name, code, sort_order)
VALUES ('DEPT_A1', 'TENANT_A', '水利工程科', 'WATER_ENG', 1);

INSERT INTO depts (dept_id, tenant_id, name, code, sort_order)
VALUES ('DEPT_B1', 'TENANT_B', '河川管理科', 'RIVER_MGT', 1);

-- 3. Test users (password = Test1234!)
-- BCrypt hash generated by BCryptPasswordEncoder.encode() and verified with matches()

-- SUPER_ADMIN
INSERT INTO users (user_id, email, password_hash, display_name, is_super_admin)
VALUES ('user-super-001', 'super@test.com',
  '$2a$10$kRxROhoc8z/4urhjvkB5x.uHq7hu3hO6QuABUCkEivNGeXnQIWbj6',
  'Super Admin', true);

-- Single-tenant account (TENANT_A only)
INSERT INTO users (user_id, email, password_hash, display_name)
VALUES ('user-admin-001', 'admin@test.com',
  '$2a$10$kRxROhoc8z/4urhjvkB5x.uHq7hu3hO6QuABUCkEivNGeXnQIWbj6',
  'Tenant A Admin');

-- Multi-tenant account (TENANT_A + TENANT_B)
INSERT INTO users (user_id, email, password_hash, display_name)
VALUES ('user-op-001', 'operator@test.com',
  '$2a$10$kRxROhoc8z/4urhjvkB5x.uHq7hu3hO6QuABUCkEivNGeXnQIWbj6',
  'Multi-Tenant Operator');

-- Disabled account
INSERT INTO users (user_id, email, password_hash, display_name, enabled)
VALUES ('user-disabled-001', 'disabled@test.com',
  '$2a$10$kRxROhoc8z/4urhjvkB5x.uHq7hu3hO6QuABUCkEivNGeXnQIWbj6',
  'Disabled User', false);

-- Locked account
INSERT INTO users (user_id, email, password_hash, display_name, locked, login_fail_count)
VALUES ('user-locked-001', 'locked@test.com',
  '$2a$10$kRxROhoc8z/4urhjvkB5x.uHq7hu3hO6QuABUCkEivNGeXnQIWbj6',
  'Locked User', true, 5);

-- Viewer user (single-tenant VIEWER)
INSERT INTO users (user_id, email, password_hash, display_name)
VALUES ('user-viewer-001', 'viewer@test.com',
  '$2a$10$kRxROhoc8z/4urhjvkB5x.uHq7hu3hO6QuABUCkEivNGeXnQIWbj6',
  'Viewer User');

-- 4. User-tenant-role-dept mappings
INSERT INTO user_tenant_mapping (user_id, tenant_id, role_id, dept_id)
VALUES ('user-admin-001', 'TENANT_A', 'ROLE_ADMIN', 'DEPT_A1');

INSERT INTO user_tenant_mapping (user_id, tenant_id, role_id)
VALUES ('user-op-001', 'TENANT_A', 'ROLE_OPERATOR');

INSERT INTO user_tenant_mapping (user_id, tenant_id, role_id)
VALUES ('user-op-001', 'TENANT_B', 'ROLE_OPERATOR');

INSERT INTO user_tenant_mapping (user_id, tenant_id, role_id, dept_id)
VALUES ('user-viewer-001', 'TENANT_A', 'ROLE_VIEWER', 'DEPT_A1');

INSERT INTO user_tenant_mapping (user_id, tenant_id, role_id)
VALUES ('user-disabled-001', 'TENANT_A', 'ROLE_VIEWER');

INSERT INTO user_tenant_mapping (user_id, tenant_id, role_id)
VALUES ('user-locked-001', 'TENANT_A', 'ROLE_VIEWER');

-- 5. Minimal permissions (RBAC handles full seed)
INSERT INTO permissions (permission_id, code, name, group_name)
VALUES ('PERM_DEVICE_VIEW', 'DEVICE_VIEW', '查看設備', '設備管理');

INSERT INTO permissions (permission_id, code, name, group_name)
VALUES ('PERM_DEVICE_CREATE', 'DEVICE_CREATE', '新增設備', '設備管理');

INSERT INTO permissions (permission_id, code, name, group_name)
VALUES ('PERM_USER_MANAGE', 'USER_MANAGE', '帳號管理', '系統管理');

-- role_permissions (global, tenant_id = NULL)
INSERT INTO role_permissions (role_id, permission_id)
VALUES ('ROLE_ADMIN', 'PERM_DEVICE_VIEW');
INSERT INTO role_permissions (role_id, permission_id)
VALUES ('ROLE_ADMIN', 'PERM_DEVICE_CREATE');
INSERT INTO role_permissions (role_id, permission_id)
VALUES ('ROLE_ADMIN', 'PERM_USER_MANAGE');
INSERT INTO role_permissions (role_id, permission_id)
VALUES ('ROLE_OPERATOR', 'PERM_DEVICE_VIEW');
INSERT INTO role_permissions (role_id, permission_id)
VALUES ('ROLE_OPERATOR', 'PERM_DEVICE_CREATE');
INSERT INTO role_permissions (role_id, permission_id)
VALUES ('ROLE_VIEWER', 'PERM_DEVICE_VIEW');
